logn,dim,HENN,HNSW
10,16,0.0000023,0.0000026
11,16,0.0000022,0.0000030
12,16,0.0000023,0.0000030
13,16,0.0000030,0.0000034
14,16,0.0000028,0.0000038
15,16,0.0000029,0.0000037
16,16,0.0000037,0.0000045
17,16,0.0000052,0.0000069
18,16,0.0000067,0.0000095
19,16,0.0000085,0.0000110
20,16,0.0000097,0.0000168