ef,recall,time
10,0.90,0.06410360336303711
20,0.95,0.0835561752319336
40,0.97,0.12172222137451172
80,0.99,0.18964767456054688
160,1.0,0.3190279006958008
