ef,recall,time
10,0.89,0.06955454635620117
20,0.95,0.0898177413940429
40,0.97,0.14634754180908203
80,0.99,0.20865989685058594
160,1.0,0.33488346099853516
